timestamp,project_name,run_id,experiment_id,duration,emissions,emissions_rate,cpu_power,gpu_power,ram_power,cpu_energy,gpu_energy,ram_energy,energy_consumed,country_name,country_iso_code,region,cloud_provider,cloud_region,os,python_version,codecarbon_version,cpu_count,cpu_model,gpu_count,gpu_model,longitude,latitude,ram_total_size,tracking_mode,on_cloud,pue
2024-09-18T16:44:28,codecarbon,7dd7b38f-255b-43c2-a5d9-dd5d24bbdfad,5b0fa12a-3dd7-45bb-9766-cc326314d9f1,93.57755344199904,7.876393922574737e-05,8.416969276138063e-07,42.5,10.460133721601398,5.800905704498291,0.0011041023408305,0.000150886509598,0.0001505312199821,0.0014055200704107,France,FRA,île-de-france,,,Linux-5.15.153.1-microsoft-standard-WSL2-x86_64-with-glibc2.10,3.8.2,2.7.1,16,13th Gen Intel(R) Core(TM) i5-13600H,1,1 x NVIDIA RTX A500 Laptop GPU,2.4075,48.8323,15.46908187866211,machine,N,1.0
2024-09-18T16:57:33,codecarbon,3da11db9-298d-489a-b6a3-369239915f3a,5b0fa12a-3dd7-45bb-9766-cc326314d9f1,98.68740838800296,8.328001292411972e-05,8.438767851385157e-07,42.5,5.572080192132516,5.800905704498291,0.0011646259427174,0.000162654852346,0.0001588273247123,0.0014861081197758,France,FRA,île-de-france,,,Linux-5.15.153.1-microsoft-standard-WSL2-x86_64-with-glibc2.10,3.8.2,2.7.1,16,13th Gen Intel(R) Core(TM) i5-13600H,1,1 x NVIDIA RTX A500 Laptop GPU,2.4075,48.8323,15.46908187866211,machine,N,1.0
2024-09-19T15:18:15,codecarbon,6f37f401-ded0-4f69-8a7c-f080b1f52b7b,vit_for_small_ds,167.9079319089942,0.0001396387181977,8.316386046222168e-07,42.5,5.362487581424728,5.800905704498291,0.0019821004259944,0.0002392088024779,0.0002705039408881,0.0024918131693605,France,FRA,île-de-france,,,Linux-5.15.153.1-microsoft-standard-WSL2-x86_64-with-glibc2.10,3.8.2,2.7.1,16,13th Gen Intel(R) Core(TM) i5-13600H,1,1 x NVIDIA RTX A500 Laptop GPU,2.4075,48.8323,15.46908187866211,machine,N,1.0
2024-09-19T15:29:05,codecarbon,f0827b12-87da-48ed-8569-f791beb80124,vit_sl_for_small_ds,491.3550499620033,0.000413012686271,8.405585458071806e-07,42.5,4.919687217559324,5.800905704498291,0.0058002199626806,0.00077830895598,0.0007915648780001,0.0073700937966608,France,FRA,île-de-france,,,Linux-5.15.153.1-microsoft-standard-WSL2-x86_64-with-glibc2.10,3.8.2,2.7.1,16,13th Gen Intel(R) Core(TM) i5-13600H,1,1 x NVIDIA RTX A500 Laptop GPU,2.4075,48.8323,15.46908187866211,machine,N,1.0
2024-09-20T11:49:42,codecarbon,dc746834-0d55-43c3-b71a-fd978c60f567,disentangled_VAE,211.90404516800004,0.0001780533563969,8.402546362710037e-07,42.5,6.7776831914832485,5.800904273986816,0.0025006474074305,0.0003354980461759,0.0003411659972935,0.0031773114509001,France,FRA,île-de-france,,,Linux-5.15.153.1-microsoft-standard-WSL2-x86_64-with-glibc2.10,3.8.2,2.7.1,16,13th Gen Intel(R) Core(TM) i5-13600H,1,1 x NVIDIA RTX A500 Laptop GPU,2.4075,48.8323,15.469078063964844,machine,N,1.0
2024-09-20T11:51:38,codecarbon,9101803c-31fc-4176-bd27-8a809369f6f0,disentangled_VAE_classifier,109.74201202099994,9.175806642173908e-05,8.361252425751089e-07,42.5,5.8129763829783805,5.800904273986816,0.0012954188520437,0.000165216521062,0.0001767611975278,0.0016373965706336,France,FRA,île-de-france,,,Linux-5.15.153.1-microsoft-standard-WSL2-x86_64-with-glibc2.10,3.8.2,2.7.1,16,13th Gen Intel(R) Core(TM) i5-13600H,1,1 x NVIDIA RTX A500 Laptop GPU,2.4075,48.8323,15.469078063964844,machine,N,1.0
2024-09-20T16:04:41,codecarbon,e3ed10ec-9216-4d81-837a-d3c638eb2bb7,ViT,551.294701720999,0.0004619962620178,8.380205007878106e-07,42.5,6.948458939156387,5.800904273986816,0.0065074855012813,0.0008493095683359,0.0008873966900125,0.0082441917596298,France,FRA,île-de-france,,,Linux-5.15.153.1-microsoft-standard-WSL2-x86_64-with-glibc2.10,3.8.2,2.7.1,16,13th Gen Intel(R) Core(TM) i5-13600H,1,1 x NVIDIA RTX A500 Laptop GPU,2.4075,48.8323,15.469078063964844,machine,N,1.0
2024-09-20T16:08:33,codecarbon,25db22b9-98a5-44f7-ba9f-a3a3e721532a,ViT_with_LSA_and_ShiftedPatchTokenization,153.8047336239997,0.0001277886020049,8.308496038709422e-07,42.5,11.464054348335116,5.800904273986816,0.0018154171308819,0.000217230451562,0.0002477036373311,0.002280351219775,France,FRA,île-de-france,,,Linux-5.15.153.1-microsoft-standard-WSL2-x86_64-with-glibc2.10,3.8.2,2.7.1,16,13th Gen Intel(R) Core(TM) i5-13600H,1,1 x NVIDIA RTX A500 Laptop GPU,2.4075,48.8323,15.469078063964844,machine,N,1.0
2024-09-20T16:25:16,codecarbon,fdcda1cb-4be3-4ed3-81da-4ba6b2ff5f43,ViT_with_LSA_and_SPT_and_warmupcosine,307.46285813399845,0.0002565260747679,8.34331913535095e-07,42.5,5.196795185185511,5.800904273986816,0.0036294012269777,0.0004529575845879,0.0004952759565048,0.0045776347680706,France,FRA,île-de-france,,,Linux-5.15.153.1-microsoft-standard-WSL2-x86_64-with-glibc2.10,3.8.2,2.7.1,16,13th Gen Intel(R) Core(TM) i5-13600H,1,1 x NVIDIA RTX A500 Laptop GPU,2.4075,48.8323,15.469078063964844,machine,N,1.0
2024-09-20T16:38:09,codecarbon,e4cec14b-6326-42be-9eb2-b3c6398ee173,ViT_with_warmupcosine,272.0454510770014,0.0002271782032474,8.350744419657102e-07,42.5,17.00180869979474,5.800904273986816,0.0032110973113965,0.000404663934842,0.0004381691102531,0.0040539303564916,France,FRA,île-de-france,,,Linux-5.15.153.1-microsoft-standard-WSL2-x86_64-with-glibc2.10,3.8.2,2.7.1,16,13th Gen Intel(R) Core(TM) i5-13600H,1,1 x NVIDIA RTX A500 Laptop GPU,2.4075,48.8323,15.469078063964844,machine,N,1.0
2024-09-20T18:18:34,codecarbon,4cfeb8aa-79f6-4280-958c-2dd03966e6b8,ViT_with_warmupcosine_projdim64_4heads_8blocks,222.34133565799857,0.0001854033492836,8.338681097464181e-07,42.5,6.972117931426121,5.800904273986816,0.0026245196940834,0.000325785260628,0.0003581650266163,0.0033084699813278,France,FRA,île-de-france,,,Linux-5.15.153.1-microsoft-standard-WSL2-x86_64-with-glibc2.10,3.8.2,2.7.1,16,13th Gen Intel(R) Core(TM) i5-13600H,1,1 x NVIDIA RTX A500 Laptop GPU,2.4075,48.8323,15.469078063964844,machine,N,1.0
2024-09-20T18:25:48,codecarbon,54349395-7996-465c-a60a-0ff62f82b439,ViT_with_LSA_and_SPT_and_warmupcosine_8blocks_4head_projdim64,334.1637045719981,0.0002801448516114,8.383461392679662e-07,42.5,6.776356637480224,5.800904273986816,0.0039444854906631,0.00051635041308,0.0005382692125404,0.0049991051162835,France,FRA,île-de-france,,,Linux-5.15.153.1-microsoft-standard-WSL2-x86_64-with-glibc2.10,3.8.2,2.7.1,16,13th Gen Intel(R) Core(TM) i5-13600H,1,1 x NVIDIA RTX A500 Laptop GPU,2.4075,48.8323,15.469078063964844,machine,N,1.0
2024-09-23T19:45:14,codecarbon,b1672f0b-3612-4783-a82a-a0f84b891fd4,CaiT,501.4997231840007,0.000380932827916,7.595873144207363e-07,42.5,0.7265625028804802,5.800905704498291,0.0059195305341576,8.831451509600007e-05,0.0007897928085967,0.0067976378578503,France,FRA,île-de-france,,,Linux-5.15.153.1-microsoft-standard-WSL2-x86_64-with-glibc2.10,3.8.2,2.7.1,16,13th Gen Intel(R) Core(TM) i5-13600H,1,1 x NVIDIA RTX A500 Laptop GPU,2.4075,48.8323,15.46908187866211,machine,N,1.0
2024-09-26T10:31:11,codecarbon,9bb3dea9-ea85-43fb-8ccb-a3399eab8ba3,CaiT_LSAClassAttention,597.4574639059999,0.0004639523806933,7.765446223739125e-07,42.5,4.927401967358011,5.800905704498291,0.0070526788199881,0.0002775607776039,0.0009488585428699,0.0082790981404621,France,FRA,île-de-france,,,Linux-5.15.153.1-microsoft-standard-WSL2-x86_64-with-glibc2.10,3.8.2,2.7.1,16,13th Gen Intel(R) Core(TM) i5-13600H,1,1 x NVIDIA RTX A500 Laptop GPU,2.4409,48.8457,15.46908187866211,machine,N,1.0
2024-09-26T14:25:21,codecarbon,a06cf3df-52a9-4b61-8a2f-3de561d8faf0,CaiT_M36,440.1883828299997,0.0003672424304811,8.34284694475796e-07,42.5,5.377277951678284,5.800905704498291,0.0051963645721437,0.000647816073808,0.0007091559674981,0.0065533366134499,France,FRA,île-de-france,,,Linux-5.15.153.1-microsoft-standard-WSL2-x86_64-with-glibc2.10,3.8.2,2.7.1,16,13th Gen Intel(R) Core(TM) i5-13600H,1,1 x NVIDIA RTX A500 Laptop GPU,2.4409,48.8457,15.46908187866211,machine,N,1.0
2024-09-26T14:39:57,codecarbon,87d5f468-d1bb-4adb-af4f-a4cd3513488c,CaiT_M36+,611.2105022600008,0.0005104237201584,8.351029936022247e-07,42.5,5.200032388052616,5.800905704498291,0.0072153527969687,0.0009082976710819,0.0009847154941978,0.0091083659622485,France,FRA,île-de-france,,,Linux-5.15.153.1-microsoft-standard-WSL2-x86_64-with-glibc2.10,3.8.2,2.7.1,16,13th Gen Intel(R) Core(TM) i5-13600H,1,1 x NVIDIA RTX A500 Laptop GPU,2.4409,48.8457,15.46908187866211,machine,N,1.0
2024-09-26T15:38:24,codecarbon,3f6b7e52-2bec-49d8-a93c-4908f69c2650,CaiT_M36+_v2,2885.671965336001,0.0024116078793575,8.357179569704714e-07,42.5,8.830026103943249,5.800905704498291,0.0340627535463341,0.004323430125408,0.0046482723206483,0.0430344559923904,France,FRA,île-de-france,,,Linux-5.15.153.1-microsoft-standard-WSL2-x86_64-with-glibc2.10,3.8.2,2.7.1,16,13th Gen Intel(R) Core(TM) i5-13600H,1,1 x NVIDIA RTX A500 Laptop GPU,2.4409,48.8457,15.46908187866211,machine,N,1.0
2024-09-26T18:00:32,codecarbon,0fd90abd-cdbf-413c-ade3-9412cafa3dc6,CaiT_M36+_for_viz,208.7729751650004,0.0001740349513038,8.336086180040139e-07,42.5,5.709471681351214,5.800905704498291,0.0024645595202013,0.0003046896881959,0.000336354947706,0.0031056041561034,France,FRA,île-de-france,,,Linux-5.15.153.1-microsoft-standard-WSL2-x86_64-with-glibc2.10,3.8.2,2.7.1,16,13th Gen Intel(R) Core(TM) i5-13600H,1,1 x NVIDIA RTX A500 Laptop GPU,2.4409,48.8457,15.46908187866211,machine,N,1.0
2024-09-26T18:42:49,codecarbon,0a6c7e5e-424e-4d97-8c0e-a88215c70ccd,CaiT_M36+_for_viz,293.8693422719989,0.000244846723785,8.33182263559859e-07,42.5,5.800139344742595,5.800905704498291,0.0034691052892832,0.000426669508002,0.0004734452777523,0.0043692200750375,France,FRA,île-de-france,,,Linux-5.15.153.1-microsoft-standard-WSL2-x86_64-with-glibc2.10,3.8.2,2.7.1,16,13th Gen Intel(R) Core(TM) i5-13600H,1,1 x NVIDIA RTX A500 Laptop GPU,2.4409,48.8457,15.46908187866211,machine,N,1.0
2024-09-28T20:08:25,codecarbon,68f8c177-c920-4235-aa1e-701ac2fd2839,water_attnUnet_test,12.594545215004471,9.47331012840852e-06,7.521756416517939e-07,42.5,0.3171503692748316,5.800905704498291,0.0001486720204923,1.056389734001295e-06,1.932011184589521e-05,0.0001690485220722,France,FRA,,,,Linux-5.15.153.1-microsoft-standard-WSL2-x86_64-with-glibc2.10,3.8.2,2.7.1,16,13th Gen Intel(R) Core(TM) i5-13600H,1,1 x NVIDIA RTX A500 Laptop GPU,2.3387,48.8582,15.46908187866211,machine,N,1.0
2024-09-28T23:13:46,codecarbon,cb6dbdaa-bbf7-41c5-9a20-7390737ef80e,water_attnUnet_test,159.56406186100503,5.127213222746259e-06,3.21326316399023e-08,42.5,1.0689407412003271,5.800905704498291,0.0018835473003069,2.201140649799732e-05,0.0002512530930922,0.0021568117998972,Canada,CAN,quebec,,,Linux-5.15.153.1-microsoft-standard-WSL2-x86_64-with-glibc2.10,3.8.2,2.7.1,16,13th Gen Intel(R) Core(TM) i5-13600H,1,1 x NVIDIA RTX A500 Laptop GPU,-71.2,46.8,15.46908187866211,machine,N,1.0
2024-09-29T20:02:44,codecarbon,78199af1-f9f9-41ba-8be9-f6c5d685ed46,water_attnUnet_test,311.822734179,0.0002354200273419,7.549803190642035e-07,42.5,0.9289338472172344,5.800904273986816,0.0036809909118215,2.8282800403997554e-05,0.0004917296486826,0.0042010033609081,France,FRA,île-de-france,,,Linux-5.15.153.1-microsoft-standard-WSL2-x86_64-with-glibc2.10,3.8.2,2.7.1,16,13th Gen Intel(R) Core(TM) i5-13600H,1,1 x NVIDIA RTX A500 Laptop GPU,2.4075,48.8323,15.469078063964844,machine,N,1.0
2024-09-30T11:05:15,codecarbon,953b8c3f-5814-4c5f-92ea-798df3bc10d7,water_attnUnet_Fusion_test,238.1260094289996,0.0001990444088084,8.358784883925085e-07,42.5,5.898253115503211,5.800905704498291,0.0028110249876729,0.000357229174672,0.0003836366424241,0.003551890804769,France,FRA,île-de-france,,,Linux-5.15.153.1-microsoft-standard-WSL2-x86_64-with-glibc2.10,3.8.2,2.7.1,16,13th Gen Intel(R) Core(TM) i5-13600H,1,1 x NVIDIA RTX A500 Laptop GPU,2.2874,48.8948,15.46908187866211,machine,N,1.0
2024-09-30T11:36:58,codecarbon,e9ca59c5-2758-403d-b29b-6c34533fb9a4,water_attnUnet_centralFusion_test,201.7167310929999,0.0001690352186372,8.379831346726925e-07,42.5,6.351347440288191,5.800905704498291,0.0023811483575791,0.0003102738593299,0.0003249631332441,0.0030163853501532,France,FRA,île-de-france,,,Linux-5.15.153.1-microsoft-standard-WSL2-x86_64-with-glibc2.10,3.8.2,2.7.1,16,13th Gen Intel(R) Core(TM) i5-13600H,1,1 x NVIDIA RTX A500 Laptop GPU,2.2874,48.8948,15.46908187866211,machine,N,1.0
2024-09-30T16:37:02,codecarbon,60b5ac19-d0b8-4f5f-be03-411e7d3adde8,water_Segformer_test,849.9076234529966,0.0007427898176602,8.739653547787742e-07,42.5,5.891007303942934,5.800905704498291,0.0100330191306068,0.001852644815448,0.0013692088685971,0.0132548728146519,France,FRA,île-de-france,,,Linux-5.15.153.1-microsoft-standard-WSL2-x86_64-with-glibc2.10,3.8.2,2.7.1,16,13th Gen Intel(R) Core(TM) i5-13600H,1,1 x NVIDIA RTX A500 Laptop GPU,2.2874,48.8948,15.46908187866211,machine,N,1.0
2024-09-30T16:45:09,codecarbon,49bf2844-27ab-47fa-8c77-c427a98c57c7,water_Segformer_test,155.96082206999927,0.0001369943647174,8.783896038706545e-07,42.5,20.759665207829595,5.800905704498291,0.0018409543138132,0.0003524583375219,0.0002512127830481,0.0024446254343833,France,FRA,île-de-france,,,Linux-5.15.153.1-microsoft-standard-WSL2-x86_64-with-glibc2.10,3.8.2,2.7.1,16,13th Gen Intel(R) Core(TM) i5-13600H,1,1 x NVIDIA RTX A500 Laptop GPU,2.2874,48.8948,15.46908187866211,machine,N,1.0
2024-09-30T16:45:52,codecarbon,49bf2844-27ab-47fa-8c77-c427a98c57c7,water_Segformer_test,199.68429207000008,0.0001741504939665,8.721291602921187e-07,42.5,6.292419310567951,5.800905704498291,0.0023571254040312,0.000428878398658,0.0003216621793328,0.003107665982022,France,FRA,île-de-france,,,Linux-5.15.153.1-microsoft-standard-WSL2-x86_64-with-glibc2.10,3.8.2,2.7.1,16,13th Gen Intel(R) Core(TM) i5-13600H,1,1 x NVIDIA RTX A500 Laptop GPU,2.2874,48.8948,15.46908187866211,machine,N,1.0
2024-09-30T17:20:43,codecarbon,0229e13b-e50e-4295-a9d4-ce4a48cc443b,water_Segformer_test,404.8674201680005,0.0003370586188436,8.3251603377672e-07,42.5,5.876996564881665,5.800905704498291,0.0047795011502402,0.00058293935524,0.0006522745830059,0.0060147150884861,France,FRA,île-de-france,,,Linux-5.15.153.1-microsoft-standard-WSL2-x86_64-with-glibc2.10,3.8.2,2.7.1,16,13th Gen Intel(R) Core(TM) i5-13600H,1,1 x NVIDIA RTX A500 Laptop GPU,2.2874,48.8948,15.46908187866211,machine,N,1.0
2024-09-30T18:00:50,codecarbon,99714da8-7eaa-4037-9580-1cd3de471a5e,water_Segformer_test,1951.054847291001,0.0016311413960744,8.360305187418295e-07,42.5,23.854361854083145,5.800905704498291,0.0230323084554737,0.00293161623418,0.0031433291170604,0.0291072538067141,France,FRA,île-de-france,,,Linux-5.15.153.1-microsoft-standard-WSL2-x86_64-with-glibc2.10,3.8.2,2.7.1,16,13th Gen Intel(R) Core(TM) i5-13600H,1,1 x NVIDIA RTX A500 Laptop GPU,2.2874,48.8948,15.46908187866211,machine,N,1.0
2024-09-30T20:49:39,codecarbon,ccb1361f-fafe-4b55-b300-44cbfca6e089,water_Segformer_b2_test,8939.180862556,0.0076413250770941,8.54812671830118e-07,42.5,6.2070088302724304,5.800905704498291,0.1055265388373903,0.016430830644654,0.0143999009384511,0.1363572704204955,France,FRA,île-de-france,,,Linux-5.15.153.1-microsoft-standard-WSL2-x86_64-with-glibc2.10,3.8.2,2.7.1,16,13th Gen Intel(R) Core(TM) i5-13600H,1,1 x NVIDIA RTX A500 Laptop GPU,2.2874,48.8948,15.46908187866211,machine,N,1.0
2024-10-01T10:32:55,codecarbon,56c6069e-2996-48b3-83ae-fb4736a96658,water_FusionSegformer_test,1059.362761018005,0.0008838924341017,8.343623795614141e-07,42.5,6.871502690764116,5.800905704498291,0.0125056382046555,0.0015605454151019,0.0017066252116229,0.0157728088313805,France,FRA,île-de-france,,,Linux-5.15.153.1-microsoft-standard-WSL2-x86_64-with-glibc2.10,3.8.2,2.7.1,16,13th Gen Intel(R) Core(TM) i5-13600H,1,1 x NVIDIA RTX A500 Laptop GPU,2.2874,48.8948,15.46908187866211,machine,N,1.0
2024-10-01T15:45:37,codecarbon,842434d8-401d-4ab7-8a2c-c4ac619f2885,FusionCaiT,445.6582243890007,0.0003688061049253,8.275536829393507e-07,42.5,4.9214624434545895,5.800905704498291,0.0052609692816514,0.0006022743707079,0.0007179962863498,0.0065812399387092,France,FRA,,,,Linux-5.15.153.1-microsoft-standard-WSL2-x86_64-with-glibc2.10,3.8.2,2.7.1,16,13th Gen Intel(R) Core(TM) i5-13600H,1,1 x NVIDIA RTX A500 Laptop GPU,2.3387,48.8582,15.46908187866211,machine,N,1.0
2024-10-01T16:14:59,codecarbon,606c6a15-1328-4642-bd1c-99e940a7d26a,FusionCaiT,346.3997868139995,0.0002867580226653,8.278239005363643e-07,42.5,4.8800121518581765,5.800905704498291,0.0040892063818515,0.000469835653646,0.0005580732353911,0.0051171152708886,France,FRA,,,,Linux-5.15.153.1-microsoft-standard-WSL2-x86_64-with-glibc2.10,3.8.2,2.7.1,16,13th Gen Intel(R) Core(TM) i5-13600H,1,1 x NVIDIA RTX A500 Laptop GPU,2.3387,48.8582,15.46908187866211,machine,N,1.0
2024-10-01T16:31:43,codecarbon,8f93468a-2fdb-48ef-a230-51ac55f84d64,FusionCaiT_B,400.6547640320059,0.0003316956588105,8.278839754020343e-07,42.5,4.932107967361524,5.800905704498291,0.0047296178829554,0.0005439365462599,0.0006454601643815,0.0059190145935969,France,FRA,,,,Linux-5.15.153.1-microsoft-standard-WSL2-x86_64-with-glibc2.10,3.8.2,2.7.1,16,13th Gen Intel(R) Core(TM) i5-13600H,1,1 x NVIDIA RTX A500 Laptop GPU,2.3387,48.8582,15.46908187866211,machine,N,1.0
2024-10-02T19:02:06,codecarbon,c83ff4a1-d5d6-4734-bfce-d0f49f3e0d7e,FusionCaiT_A_timbertiere202404,1129.097707841007,0.000959324392922,8.496380660947647e-07,42.5,6.396951007246996,5.800905704498291,0.0133285193483232,0.0019714037993439,0.0018189475124455,0.0171188706601128,France,FRA,,,,Linux-5.15.153.1-microsoft-standard-WSL2-x86_64-with-glibc2.10,3.8.2,2.7.1,16,13th Gen Intel(R) Core(TM) i5-13600H,1,1 x NVIDIA RTX A500 Laptop GPU,2.3387,48.8582,15.46908187866211,machine,N,1.0
2024-10-02T19:29:32,codecarbon,22722160-2334-496b-b39c-9eb017fd9f4a,FusionCaiT_A_timbertiere202404_focaltversky,23.37807008200616,1.9713432744726e-05,8.432446594425776e-07,42.5,5.875991721589059,5.800905704498291,0.000275969092366,3.815169718798805e-05,3.7659805116173816e-05,0.0003517805946702,France,FRA,,,,Linux-5.15.153.1-microsoft-standard-WSL2-x86_64-with-glibc2.10,3.8.2,2.7.1,16,13th Gen Intel(R) Core(TM) i5-13600H,1,1 x NVIDIA RTX A500 Laptop GPU,2.3387,48.8582,15.46908187866211,machine,N,1.0
2024-10-03T10:43:34,codecarbon,1709c05f-9ac2-44b8-8422-e6b873202ba4,FusionCaiT_A_timbertiere202404,120.06527548099984,9.112717909336938e-05,7.589803024088352e-07,42.5,0.5548971139403693,5.800905704498291,0.0014173074539352,1.814557007201456e-05,0.000190685541873,0.0016261385658803,France,FRA,île-de-france,,,Linux-5.15.153.1-microsoft-standard-WSL2-x86_64-with-glibc2.10,3.8.2,2.7.1,16,13th Gen Intel(R) Core(TM) i5-13600H,1,1 x NVIDIA RTX A500 Laptop GPU,2.4409,48.8457,15.46908187866211,machine,N,1.0
2024-10-03T11:06:10,codecarbon,978aabd5-f408-49c9-b5e9-94f1d0b1bab7,FusionCaiT_A_timbertiere202404_focaltversky,989.517282198998,0.0007561896444987,7.642005431358104e-07,42.5,4.697083947040978,5.800905704498291,0.0116808440237876,0.0002477699204379,0.0015653749652614,0.013493988909487,France,FRA,île-de-france,,,Linux-5.15.153.1-microsoft-standard-WSL2-x86_64-with-glibc2.10,3.8.2,2.7.1,16,13th Gen Intel(R) Core(TM) i5-13600H,1,1 x NVIDIA RTX A500 Laptop GPU,2.4409,48.8457,15.46908187866211,machine,N,1.0
2024-10-03T11:35:33,codecarbon,46572af0-9d32-4e11-9dcb-758c4cdbb309,FusionCaiT_A_timbertiere202404,1325.6349057659972,0.0011070036033456,8.350742716042008e-07,42.5,5.397780771748662,5.800905704498291,0.015648640282111,0.0019699182426,0.0021356055993033,0.0197541641240144,France,FRA,île-de-france,,,Linux-5.15.153.1-microsoft-standard-WSL2-x86_64-with-glibc2.10,3.8.2,2.7.1,16,13th Gen Intel(R) Core(TM) i5-13600H,1,1 x NVIDIA RTX A500 Laptop GPU,2.4409,48.8457,15.46908187866211,machine,N,1.0
2024-10-03T14:37:50,codecarbon,54e67e55-7afb-4168-98c2-8c1d6179e724,CaiT_Timbertiere_202404,1158.0459002290008,0.0009680726378891,8.359535988147508e-07,42.5,5.217448849485459,5.800905704498291,0.0136704231921008,0.001738958057832,0.0018655993508826,0.0172749806008155,France,FRA,île-de-france,,,Linux-5.15.153.1-microsoft-standard-WSL2-x86_64-with-glibc2.10,3.8.2,2.7.1,16,13th Gen Intel(R) Core(TM) i5-13600H,1,1 x NVIDIA RTX A500 Laptop GPU,2.4409,48.8457,15.46908187866211,machine,N,1.0
2024-10-03T15:08:01,codecarbon,c60e57a5-5ed2-4ac1-b87b-25bde0ceb406,FusionCaiT_A_timbertiere202404_focalbce,1460.8934481920005,0.0012206841664547,8.355737154995466e-07,42.5,5.935714870146187,5.800905704498291,0.0172455399020263,0.00218372119142,0.0023535003129801,0.0217827614064264,France,FRA,île-de-france,,,Linux-5.15.153.1-microsoft-standard-WSL2-x86_64-with-glibc2.10,3.8.2,2.7.1,16,13th Gen Intel(R) Core(TM) i5-13600H,1,1 x NVIDIA RTX A500 Laptop GPU,2.4409,48.8457,15.46908187866211,machine,N,1.0
2024-10-03T16:29:28,codecarbon,0578e5aa-2d5b-4e55-bfa0-5047e183cb26,CaiT_bce_water_Timbertiere_202404,1050.625745965997,0.000877620739523,8.353314611722968e-07,42.5,43.18997510261671,5.800905704498291,0.0124018445259432,0.0015667112533679,0.0016923364479414,0.0156608922272526,France,FRA,île-de-france,,,Linux-5.15.153.1-microsoft-standard-WSL2-x86_64-with-glibc2.10,3.8.2,2.7.1,16,13th Gen Intel(R) Core(TM) i5-13600H,1,1 x NVIDIA RTX A500 Laptop GPU,2.4409,48.8457,15.46908187866211,machine,N,1.0
2024-10-03T16:47:08,codecarbon,848e6fe7-5270-470c-92ef-7f243da3997b,CaiT_bce_water_Timbertiere_202404,845.8085589100083,0.000713804526005,8.439315474944926e-07,42.5,5.602890441931844,5.800905704498291,0.0099842057345226,0.0013909188905119,0.0013625139125018,0.0127376385375365,France,FRA,île-de-france,,,Linux-5.15.153.1-microsoft-standard-WSL2-x86_64-with-glibc2.10,3.8.2,2.7.1,16,13th Gen Intel(R) Core(TM) i5-13600H,1,1 x NVIDIA RTX A500 Laptop GPU,2.4409,48.8457,15.46908187866211,machine,N,1.0
2024-10-03T17:09:08,codecarbon,c49d33b9-91e5-4267-97cf-88abd35ef311,CaiT_bce_water_Timbertiere_202404,839.8522021190001,0.000701457552123,8.352154704759229e-07,42.5,5.361189781022363,5.800905704498291,0.009914081680772,0.001250262666876,0.001352965956302,0.0125173103039501,France,FRA,île-de-france,,,Linux-5.15.153.1-microsoft-standard-WSL2-x86_64-with-glibc2.10,3.8.2,2.7.1,16,13th Gen Intel(R) Core(TM) i5-13600H,1,1 x NVIDIA RTX A500 Laptop GPU,2.4409,48.8457,15.46908187866211,machine,N,1.0
2024-10-03T17:27:30,codecarbon,9ba56a3e-9c8a-4e56-b981-83ff5ab0465e,CaiT_bce_water_Timbertiere_202404,985.9981515929976,0.00082329345942,8.349847898699752e-07,42.5,5.413803882643703,5.800905704498291,0.011639331749228,0.0014636831153899,0.0015884225168495,0.0146914373814676,France,FRA,île-de-france,,,Linux-5.15.153.1-microsoft-standard-WSL2-x86_64-with-glibc2.10,3.8.2,2.7.1,16,13th Gen Intel(R) Core(TM) i5-13600H,1,1 x NVIDIA RTX A500 Laptop GPU,2.4409,48.8457,15.46908187866211,machine,N,1.0
2024-10-03T18:04:36,codecarbon,699a9aed-9a5a-4b32-9fbc-b42a44555a2b,CaiT_Timbertiere_202404_water_FTLoss,874.0784933479881,0.0007442244367514,8.514389067060362e-07,42.5,10.098715957771502,5.800905704498291,0.0103183626164261,0.001553928743142,0.0014081818243121,0.0132804731838803,France,FRA,île-de-france,,,Linux-5.15.153.1-microsoft-standard-WSL2-x86_64-with-glibc2.10,3.8.2,2.7.1,16,13th Gen Intel(R) Core(TM) i5-13600H,1,1 x NVIDIA RTX A500 Laptop GPU,2.4409,48.8457,15.46908187866211,machine,N,1.0
2024-10-03T18:51:36,codecarbon,c94084cc-69ab-4683-bc3d-30a2ee0a9877,FusionCaiT_B_Timbertiere_202404_water,1844.4539059180097,0.0015425535966057,8.363199490409785e-07,42.5,5.037085743878743,5.800905704498291,0.0217730193649646,0.0027827813928899,0.0029706289893889,0.0275264297472435,France,FRA,île-de-france,,,Linux-5.15.153.1-microsoft-standard-WSL2-x86_64-with-glibc2.10,3.8.2,2.7.1,16,13th Gen Intel(R) Core(TM) i5-13600H,1,1 x NVIDIA RTX A500 Laptop GPU,2.4409,48.8457,15.46908187866211,machine,N,1.0
2024-10-03T19:23:03,codecarbon,566e60b7-9fe6-4004-8fe3-ce08639f9161,FusionCaiT_B_Timbertiere_202404_water,1059.458380163007,0.0008847088633196,8.350576859692688e-07,42.5,5.690207386092717,5.800905704498291,0.0125064478450967,0.00157418320379,0.0017067467294403,0.015787377778327,France,FRA,île-de-france,,,Linux-5.15.153.1-microsoft-standard-WSL2-x86_64-with-glibc2.10,3.8.2,2.7.1,16,13th Gen Intel(R) Core(TM) i5-13600H,1,1 x NVIDIA RTX A500 Laptop GPU,2.4409,48.8457,15.46908187866211,machine,N,1.0
2024-10-03T19:50:35,codecarbon,e0c986f5-bd53-4d68-8f21-dbbbaa64e2b6,FusionCaiT_B_Timbertiere_202404_water,1543.4021719030134,0.0012897799345216,8.356732665027556e-07,42.5,5.429741370331388,5.800905704498291,0.0182191438508922,0.0023102632370979,0.0024863486271659,0.0230157557151562,France,FRA,île-de-france,,,Linux-5.15.153.1-microsoft-standard-WSL2-x86_64-with-glibc2.10,3.8.2,2.7.1,16,13th Gen Intel(R) Core(TM) i5-13600H,1,1 x NVIDIA RTX A500 Laptop GPU,2.4409,48.8457,15.46908187866211,machine,N,1.0
2024-10-03T20:39:43,codecarbon,cff0f1da-69c8-4317-8e92-cb412ac39f95,FusionCaiT_B_Timbertiere_202404_water,1221.6163617809943,0.0010216562169616,8.363151058915037e-07,42.5,5.311488182263783,5.800905704498291,0.0144203729406476,0.0018428945298699,0.0019678968429366,0.0182311643134543,France,FRA,île-de-france,,,Linux-5.15.153.1-microsoft-standard-WSL2-x86_64-with-glibc2.10,3.8.2,2.7.1,16,13th Gen Intel(R) Core(TM) i5-13600H,1,1 x NVIDIA RTX A500 Laptop GPU,2.4409,48.8457,15.46908187866211,machine,N,1.0
2024-10-04T11:03:33,codecarbon,a0fd79ea-39d4-4c0b-8839-84d796af6949,FusionCaiT_B_Timbertiere_202404_water_viz_test,288.615122556017,0.0002173909995545,7.53221098150647e-07,42.5,0.5650839011554071,5.800905704498291,0.0034065634919042,1.9380571060018115e-05,0.0004533364301659,0.0038792804931302,France,FRA,île-de-france,,,Linux-5.15.153.1-microsoft-standard-WSL2-x86_64-with-glibc2.10,3.8.2,2.7.1,16,13th Gen Intel(R) Core(TM) i5-13600H,1,1 x NVIDIA RTX A500 Laptop GPU,2.4409,48.8457,15.46908187866211,machine,N,1.0
2024-10-04T11:55:15,codecarbon,2e78595e-46b4-4eec-b196-c3114f518497,FusionCaiT_B_Timbertiere_202404_water_viz_test,177.7712505189993,0.000148111538276,8.331579928904766e-07,42.5,5.572324574811781,5.800905704498291,0.00209855550439,0.00025806270645,0.0002863900204995,0.0026430082313395,France,FRA,île-de-france,,,Linux-5.15.153.1-microsoft-standard-WSL2-x86_64-with-glibc2.10,3.8.2,2.7.1,16,13th Gen Intel(R) Core(TM) i5-13600H,1,1 x NVIDIA RTX A500 Laptop GPU,2.4409,48.8457,15.46908187866211,machine,N,1.0
2024-10-07T12:22:21,codecarbon,769d1f2c-5e2b-4015-b692-9eda7fd0012b,FusionCaiT_B_Timbertiere_202404_water_viz_test,1390.0978949519922,0.0011609872166895,8.351837815923114e-07,42.5,5.565946624063876,5.800905704498291,0.0164093873815576,0.002068770821682,0.0022393281310903,0.0207174863343299,France,FRA,île-de-france,,,Linux-5.15.153.1-microsoft-standard-WSL2-x86_64-with-glibc2.10,3.8.2,2.7.1,16,13th Gen Intel(R) Core(TM) i5-13600H,1,1 x NVIDIA RTX A500 Laptop GPU,2.4075,48.8323,15.46908187866211,machine,N,1.0
2024-10-24T15:32:30,codecarbon,aceaea34-ee90-4e16-b978-7ebdc14abaa6,FusionCaiT_A_timbertiere202404,67.0105760509905,5.605170347944674e-05,8.364605526864178e-07,42.5,7.752722831592921,5.800905704498291,0.0007910220666829,0.0001012570254499,0.0001079475978409,0.0010002266899738,France,FRA,brittany,,,Linux-5.15.153.1-microsoft-standard-WSL2-x86_64-with-glibc2.10,3.8.2,2.7.1,16,13th Gen Intel(R) Core(TM) i5-13600H,1,1 x NVIDIA RTX A500 Laptop GPU,-1.6744,48.11,15.46908187866211,machine,N,1.0
2024-10-24T18:29:01,codecarbon,9cb7abb2-9bb7-4a0e-8aa3-382b4a2aee32,FusionCaiT_B_Timbertiere_202404_water,1566.7188691949996,0.0012919635311071,8.246300957432959e-07,42.5,4.315988491127335,5.800905704498291,0.0184911996325545,0.0020417649667439,0.0025217567752281,0.0230547213745266,France,FRA,brittany,,,Linux-5.15.153.1-microsoft-standard-WSL2-x86_64-with-glibc2.10,3.8.2,2.7.1,16,13th Gen Intel(R) Core(TM) i5-13600H,1,1 x NVIDIA RTX A500 Laptop GPU,-1.6744,48.11,15.46908187866211,machine,N,1.0
2024-10-25T10:59:10,codecarbon,0b11b8ef-e7ba-4674-a97b-6cda4634dbb8,id_test,966.853986025,0.0007293983951542,7.544038765905555e-07,42.5,2.815856736453745,5.800905704498291,0.0114118214397826,8.002617513200002e-05,0.0015240590778224,0.013015906692737,France,FRA,île-de-france,,,Linux-5.15.153.1-microsoft-standard-WSL2-x86_64-with-glibc2.10,3.8.2,2.7.1,16,13th Gen Intel(R) Core(TM) i5-13600H,1,1 x NVIDIA RTX A500 Laptop GPU,2.4075,48.8323,15.46908187866211,machine,N,1.0
2024-10-25T18:00:07,codecarbon,aef34c9f-9ff9-476d-b039-c8983c187271,id_test,1067.168975348999,0.0008931063339549,8.36893083087301e-07,42.5,5.253906191748073,5.800905704498291,0.0125975695590749,0.00162042212967,0.0017192365622041,0.0159372282509491,France,FRA,île-de-france,,,Linux-5.15.153.1-microsoft-standard-WSL2-x86_64-with-glibc2.10,3.8.2,2.7.1,16,13th Gen Intel(R) Core(TM) i5-13600H,1,1 x NVIDIA RTX A500 Laptop GPU,2.4075,48.8323,15.46908187866211,machine,N,1.0
2024-10-25T18:31:37,codecarbon,c0d6aeed-964a-4e5b-8189-2c0a200a2c67,id_test,1493.4192321169976,0.0012453504272359,8.338920515109567e-07,42.5,5.516929826245624,5.800905704498291,0.0176144592115473,0.002204662597062,0.0024038019986669,0.0222229238072763,France,FRA,île-de-france,,,Linux-5.15.153.1-microsoft-standard-WSL2-x86_64-with-glibc2.10,3.8.2,2.7.1,16,13th Gen Intel(R) Core(TM) i5-13600H,1,1 x NVIDIA RTX A500 Laptop GPU,2.4075,48.8323,15.46908187866211,machine,N,1.0
2024-10-28T11:19:31,codecarbon,bad357ea-4c40-452e-8ab1-b9c2a5d6ec7d,id_test,156.44636689899926,0.0001298060204046,8.297157868066094e-07,42.5,5.302219109248208,5.800905704498291,0.0018468051405117,0.0002175098962299,0.0002520364399911,0.0023163514767329,France,FRA,brittany,,,Linux-5.15.153.1-microsoft-standard-WSL2-x86_64-with-glibc2.10,3.8.2,2.7.1,16,13th Gen Intel(R) Core(TM) i5-13600H,1,1 x NVIDIA RTX A500 Laptop GPU,-1.6744,48.11,15.46908187866211,machine,N,1.0
2024-10-28T11:35:13,codecarbon,6aaaa1a3-9150-4bbd-bc5b-54921234f14a,id_test,173.10897940299765,0.0001437985053712,8.306819546111137e-07,42.5,4.799469519013776,5.800905704498291,0.0020435235635436,0.0002436510282539,0.0002788687953294,0.0025660433871271,France,FRA,brittany,,,Linux-5.15.153.1-microsoft-standard-WSL2-x86_64-with-glibc2.10,3.8.2,2.7.1,16,13th Gen Intel(R) Core(TM) i5-13600H,1,1 x NVIDIA RTX A500 Laptop GPU,-1.6744,48.11,15.46908187866211,machine,N,1.0
2024-10-28T14:59:03,codecarbon,6fd3558b-48a2-48d3-889e-59f9f9421fdc,id_test,158.90985110399924,0.0001308586814499,8.234774656246652e-07,42.5,4.57611564807255,5.800905704498291,0.0018759315158881,0.0002031915514419,0.00025601284605,0.0023351359133802,France,FRA,brittany,,,Linux-5.15.153.1-microsoft-standard-WSL2-x86_64-with-glibc2.10,3.8.2,2.7.1,16,13th Gen Intel(R) Core(TM) i5-13600H,1,1 x NVIDIA RTX A500 Laptop GPU,-1.6744,48.11,15.46908187866211,machine,N,1.0
2024-10-28T15:15:36,codecarbon,e2b2cca5-9466-4587-8d15-0d766fcb99c5,id_test,760.5484820479978,0.0006288703887307,8.268643006653518e-07,42.5,5.098171182718916,5.800905704498291,0.0089781909206287,0.0010185066481379,0.0012253154709147,0.0112220130396815,France,FRA,brittany,,,Linux-5.15.153.1-microsoft-standard-WSL2-x86_64-with-glibc2.10,3.8.2,2.7.1,16,13th Gen Intel(R) Core(TM) i5-13600H,1,1 x NVIDIA RTX A500 Laptop GPU,-1.6744,48.11,15.46908187866211,machine,N,1.0
2024-10-28T15:31:06,codecarbon,06930f81-9453-40c0-86ec-dda659c0eb6f,id_test,753.2074158169999,0.0006239671286925,8.284134165298051e-07,42.5,5.415584763025291,5.800905704498291,0.0088914199262791,0.001029658323726,0.0012134375103143,0.0111345157603195,France,FRA,brittany,,,Linux-5.15.153.1-microsoft-standard-WSL2-x86_64-with-glibc2.10,3.8.2,2.7.1,16,13th Gen Intel(R) Core(TM) i5-13600H,1,1 x NVIDIA RTX A500 Laptop GPU,-1.6744,48.11,15.46908187866211,machine,N,1.0
2024-10-28T15:38:11,codecarbon,2fa139ef-a818-4e96-99f1-5bf70dc9402b,id_test,167.0221289789988,0.0001385734131998,8.29670978612202e-07,42.5,5.155821601881901,5.800905704498291,0.0019715981783194,0.0002321571301699,0.0002690477964892,0.0024728031049786,France,FRA,brittany,,,Linux-5.15.153.1-microsoft-standard-WSL2-x86_64-with-glibc2.10,3.8.2,2.7.1,16,13th Gen Intel(R) Core(TM) i5-13600H,1,1 x NVIDIA RTX A500 Laptop GPU,-1.6744,48.11,15.46908187866211,machine,N,1.0
2024-10-28T15:43:36,codecarbon,182ca887-6859-4fef-bf28-7e264dcd12bd,id_test,249.83835380699747,0.0002057626375822,8.235830665982204e-07,42.5,5.392327417874794,5.800905704498291,0.0029491232176311,0.0003202130339479,0.0004024394328944,0.0036717756844736,France,FRA,brittany,,,Linux-5.15.153.1-microsoft-standard-WSL2-x86_64-with-glibc2.10,3.8.2,2.7.1,16,13th Gen Intel(R) Core(TM) i5-13600H,1,1 x NVIDIA RTX A500 Laptop GPU,-1.6744,48.11,15.46908187866211,machine,N,1.0
2024-10-28T15:51:19,codecarbon,51a471ec-42b7-483a-9971-1627735bcfae,id_test,242.0460972620058,0.0001994065738021,8.238371783631155e-07,42.5,9.468041173991557,5.800905704498291,0.0028573389135069,0.000311054971066,0.0003899596513954,0.0035583535359684,France,FRA,brittany,,,Linux-5.15.153.1-microsoft-standard-WSL2-x86_64-with-glibc2.10,3.8.2,2.7.1,16,13th Gen Intel(R) Core(TM) i5-13600H,1,1 x NVIDIA RTX A500 Laptop GPU,-1.6744,48.11,15.46908187866211,machine,N,1.0
2024-10-28T16:00:37,codecarbon,11e86f9e-d96b-4d13-8b0d-202263084100,id_test,242.6754950660033,0.0001993058750305,8.212855400843151e-07,42.5,8.64925336144177,5.800905704498291,0.002864745205875,0.0003008644073579,0.0003909469818259,0.0035565565950589,France,FRA,brittany,,,Linux-5.15.153.1-microsoft-standard-WSL2-x86_64-with-glibc2.10,3.8.2,2.7.1,16,13th Gen Intel(R) Core(TM) i5-13600H,1,1 x NVIDIA RTX A500 Laptop GPU,-1.6744,48.11,15.46908187866211,machine,N,1.0
2024-10-28T16:19:16,codecarbon,748e6f57-82af-44aa-83ce-72b8f7cbdbd2,id_test,242.3129463469959,0.0001998275055209,8.246670618859384e-07,42.5,7.559424874507621,5.800905704498291,0.0028605192289293,0.000314959696412,0.000390386017304,0.0035658649426453,France,FRA,brittany,,,Linux-5.15.153.1-microsoft-standard-WSL2-x86_64-with-glibc2.10,3.8.2,2.7.1,16,13th Gen Intel(R) Core(TM) i5-13600H,1,1 x NVIDIA RTX A500 Laptop GPU,-1.6744,48.11,15.46908187866211,machine,N,1.0
2024-10-28T16:32:47,codecarbon,0b40850b-db84-434d-804b-85ea6194cca1,id_test,237.98818639900128,0.0001946628321113,8.179516599405837e-07,42.5,4.381460901835312,5.800905704498291,0.0028094360013088,0.000280839391338,0.000383427423451,0.0034737028160979,France,FRA,brittany,,,Linux-5.15.153.1-microsoft-standard-WSL2-x86_64-with-glibc2.10,3.8.2,2.7.1,16,13th Gen Intel(R) Core(TM) i5-13600H,1,1 x NVIDIA RTX A500 Laptop GPU,-1.6744,48.11,15.46908187866211,machine,N,1.0
2024-10-28T16:43:27,codecarbon,10594fd5-8bdb-425b-a158-830a64bbf776,id_test,271.78147302599973,0.000222512909398,8.187199330426773e-07,42.5,4.487668453870451,5.800905704498291,0.0032080137983896,0.0003249319266119,0.0004377337910155,0.0039706795160171,France,FRA,brittany,,,Linux-5.15.153.1-microsoft-standard-WSL2-x86_64-with-glibc2.10,3.8.2,2.7.1,16,13th Gen Intel(R) Core(TM) i5-13600H,1,1 x NVIDIA RTX A500 Laptop GPU,-1.6744,48.11,15.46908187866211,machine,N,1.0
2024-10-30T16:37:54,codecarbon,cbc80cb1-7489-4ccc-b188-621f446650ee,id_test,175.65364851199774,0.0001442041472945,8.209573129628815e-07,42.5,4.476854906618798,5.800905704498291,0.0020736281217888,0.000216651006654,0.0002830028233145,0.0025732819517574,France,FRA,brittany,,,Linux-5.15.153.1-microsoft-standard-WSL2-x86_64-with-glibc2.10,3.8.2,2.7.1,16,13th Gen Intel(R) Core(TM) i5-13600H,1,1 x NVIDIA RTX A500 Laptop GPU,-1.6744,48.11,15.46908187866211,machine,N,1.0
2024-10-31T15:09:29,codecarbon,ce45287a-d61f-4334-9362-892514389354,id_test,174.64858318900042,0.0001437115399189,8.228611838403937e-07,42.5,4.753368595847614,5.800905704498291,0.0020617261029562,0.0002213918437799,0.0002813735666552,0.0025644915133915,France,FRA,brittany,,,Linux-5.15.153.1-microsoft-standard-WSL2-x86_64-with-glibc2.10,3.8.2,2.7.1,16,13th Gen Intel(R) Core(TM) i5-13600H,1,1 x NVIDIA RTX A500 Laptop GPU,-1.6744,48.11,15.46908187866211,machine,N,1.0
2024-10-31T15:13:01,codecarbon,e0d48c77-e41b-40bb-8d24-64dcbf21ef9e,id_test,137.08630833400093,0.0001126739261773,8.219196179889522e-07,42.5,4.342066958489724,5.800905704498291,0.0016181066671604,0.0001717084706999,0.0002208189951076,0.002010634132968,France,FRA,brittany,,,Linux-5.15.153.1-microsoft-standard-WSL2-x86_64-with-glibc2.10,3.8.2,2.7.1,16,13th Gen Intel(R) Core(TM) i5-13600H,1,1 x NVIDIA RTX A500 Laptop GPU,-1.6744,48.11,15.46908187866211,machine,N,1.0
2024-10-31T15:17:31,codecarbon,ddca8ee3-6b63-4e37-8715-33db3790a698,id_test,84.58697053799915,6.971697788498511e-05,8.242046906463689e-07,42.5,4.89795432311838,5.800905704498291,0.0009985299428034,0.0001092839763159,0.0001362657019477,0.0012440796210672,France,FRA,brittany,,,Linux-5.15.153.1-microsoft-standard-WSL2-x86_64-with-glibc2.10,3.8.2,2.7.1,16,13th Gen Intel(R) Core(TM) i5-13600H,1,1 x NVIDIA RTX A500 Laptop GPU,-1.6744,48.11,15.46908187866211,machine,N,1.0
2024-10-31T15:24:19,codecarbon,26afd73b-282f-49b2-a8c0-d5af60831e3d,id_test,80.77015379300065,6.652810716279758e-05,8.236719139262399e-07,42.5,4.943995164098895,5.800905704498291,0.0009534714978527,0.0001036028606599,0.0001301007724281,0.0011871751309409,France,FRA,brittany,,,Linux-5.15.153.1-microsoft-standard-WSL2-x86_64-with-glibc2.10,3.8.2,2.7.1,16,13th Gen Intel(R) Core(TM) i5-13600H,1,1 x NVIDIA RTX A500 Laptop GPU,-1.6744,48.11,15.46908187866211,machine,N,1.0
2024-10-31T15:44:14,codecarbon,525ebd74-eb62-42c6-b4b6-4ec9dcf9bede,id_test,83.49857818999953,6.86382287825003e-05,8.220287131873698e-07,42.5,4.68380326789086,5.800905704498291,0.0009856902863736,0.00010462647259,0.0001345128915029,0.0012248296504666,France,FRA,brittany,,,Linux-5.15.153.1-microsoft-standard-WSL2-x86_64-with-glibc2.10,3.8.2,2.7.1,16,13th Gen Intel(R) Core(TM) i5-13600H,1,1 x NVIDIA RTX A500 Laptop GPU,-1.6744,48.11,15.46908187866211,machine,N,1.0
2024-10-31T23:35:36,codecarbon,66b016fb-f405-4c29-9575-940e7240500e,id_test,101.660113113001,7.645665043331127e-05,7.520811072512319e-07,42.5,0.1568987870058206,5.800905704498291,0.0012000906115993,2.4255574959976267e-06,0.0001618309897282,0.0013643471588235,France,FRA,île-de-france,,,Linux-5.15.153.1-microsoft-standard-WSL2-x86_64-with-glibc2.10,3.8.2,2.7.1,16,13th Gen Intel(R) Core(TM) i5-13600H,1,1 x NVIDIA RTX A500 Laptop GPU,2.4075,48.8323,15.46908187866211,machine,N,1.0
2024-11-04T15:06:08,codecarbon,7266ff7c-2f0d-4933-ac08-298cf17a5b81,FusionCaiT_A_timbertiere202404,62.74097169000015,5.177669797454702e-05,8.252453951521977e-07,42.5,5.222104141091421,5.800905704498291,0.000740606591684,8.226784359199879e-05,0.0001010659986101,0.0009239404338861,France,FRA,brittany,,,Linux-5.15.153.1-microsoft-standard-WSL2-x86_64-with-glibc2.10,3.8.2,2.7.1,16,13th Gen Intel(R) Core(TM) i5-13600H,1,1 x NVIDIA RTX A500 Laptop GPU,-1.6744,48.11,15.46908187866211,machine,N,1.0
2024-11-05T10:55:02,codecarbon,5d447d47-890a-4cf9-b0e4-c57aa5b4fe39,mixup_FusionCaiT_A_timbertiere202404,89.20636468600424,7.325178748761187e-05,8.211497884197997e-07,42.5,4.836622110434802,5.800905704498291,0.0010530961653915,0.000110335088268,0.0001437260383622,0.0013071572920218,France,FRA,brittany,,,Linux-5.15.153.1-microsoft-standard-WSL2-x86_64-with-glibc2.10,3.8.2,2.7.1,16,13th Gen Intel(R) Core(TM) i5-13600H,1,1 x NVIDIA RTX A500 Laptop GPU,-1.6744,48.11,15.46908187866211,machine,N,1.0
2024-11-05T11:33:17,codecarbon,6db9e5ab-a1be-4b35-9b63-ad79b24d105d,mixup_FusionCaiT_A_timbertiere202404,2052.0488750079967,0.0017060670224107,8.313968751860779e-07,42.5,5.756875403467056,5.800905704498291,0.0242238204518121,0.00291460510946,0.0033058547151559,0.0304442802764281,France,FRA,brittany,,,Linux-5.15.153.1-microsoft-standard-WSL2-x86_64-with-glibc2.10,3.8.2,2.7.1,16,13th Gen Intel(R) Core(TM) i5-13600H,1,1 x NVIDIA RTX A500 Laptop GPU,-1.6744,48.11,15.46908187866211,machine,N,1.0
2024-11-05T15:40:14,codecarbon,54b4ae55-49f3-4346-b825-0d12dea31fc0,sequence_FusionCaiT_A_timbertiere202404,113.75980409199838,9.367431696312203e-05,8.234395066940071e-07,42.5,5.55378360702122,5.800905704498291,0.0013429375153903,0.0001453853940859,0.0001832686064879,0.0016715915159642,France,FRA,brittany,,,Linux-5.15.153.1-microsoft-standard-WSL2-x86_64-with-glibc2.10,3.8.2,2.7.1,16,13th Gen Intel(R) Core(TM) i5-13600H,1,1 x NVIDIA RTX A500 Laptop GPU,-1.6744,48.11,15.46908187866211,machine,N,1.0
2024-11-06T15:27:18,codecarbon,28b98d15-c6dc-4e93-b376-7055b15a05f8,CaiT_Timbertiere_202404,128.5809309389988,0.0001074628628956,8.357604981616999e-07,42.5,5.793770051570592,5.800905704498291,0.0015177412679479,0.0001927920986779,0.0002071108257342,0.0019176441923601,France,FRA,brittany,,,Linux-5.15.153.1-microsoft-standard-WSL2-x86_64-with-glibc2.10,3.8.2,2.7.1,16,13th Gen Intel(R) Core(TM) i5-13600H,1,1 x NVIDIA RTX A500 Laptop GPU,-1.6744,48.11,15.46908187866211,machine,N,1.0
2024-11-07T15:48:49,codecarbon,823457e8-2909-4391-bbdc-4ed8bb25fb67,mixupFusion_CaiT_timbertiere202404,145.57412274799572,0.0001198514928693,8.233021817815068e-07,42.5,5.653976387523549,5.800905704498291,0.0017185350908269,0.0001857732041739,0.0002344074720426,0.0021387157670435,France,FRA,brittany,,,Linux-5.15.153.1-microsoft-standard-WSL2-x86_64-with-glibc2.10,3.8.2,2.7.1,16,13th Gen Intel(R) Core(TM) i5-13600H,1,1 x NVIDIA RTX A500 Laptop GPU,-1.6744,48.11,15.46908187866211,machine,N,1.0
2024-11-07T16:24:33,codecarbon,16a13e43-e9d9-41a3-94cc-d40339d9fdf9,sequence_FusionCaiT_A_timbertiere202404,117.94211367800015,9.854291389422624e-05,8.355193138497018e-07,42.5,5.259966785588819,5.800905704498291,0.0013922638091957,0.000176206252076,0.0001900001807779,0.0017584702420497,France,FRA,brittany,,,Linux-5.15.153.1-microsoft-standard-WSL2-x86_64-with-glibc2.10,3.8.2,2.7.1,16,13th Gen Intel(R) Core(TM) i5-13600H,1,1 x NVIDIA RTX A500 Laptop GPU,-1.6744,48.11,15.46908187866211,machine,N,1.0
2024-11-07T16:27:08,codecarbon,6531f969-36ca-452a-9761-9b57b8f3787e,mixupFusion_CaiT_timbertiere202404,180.2970553289997,0.0001500229050832,8.320873838425493e-07,42.5,49.348767217168906,5.800905704498291,0.0021284279254041,0.0002582290954719,0.0002904590069477,0.0026771160278238,France,FRA,brittany,,,Linux-5.15.153.1-microsoft-standard-WSL2-x86_64-with-glibc2.10,3.8.2,2.7.1,16,13th Gen Intel(R) Core(TM) i5-13600H,1,1 x NVIDIA RTX A500 Laptop GPU,-1.6744,48.11,15.46908187866211,machine,N,1.0
2024-11-08T18:34:05,codecarbon,ceedfc47-6fe2-463a-9483-7a26152196c5,sequence_FusionCaiT_A_timbertiere202404,116.33183949899104,9.559773000410048e-05,8.21767543742224e-07,42.5,4.337796474421509,5.800905704498291,0.0013732671390316,0.0001452553939819,0.0001873917410472,0.0017059142740609,France,FRA,brittany,,,Linux-5.15.153.1-microsoft-standard-WSL2-x86_64-with-glibc2.10,3.8.2,2.7.1,16,13th Gen Intel(R) Core(TM) i5-13600H,1,1 x NVIDIA RTX A500 Laptop GPU,-1.6744,48.11,15.46908187866211,machine,N,1.0
2024-11-14T18:42:54,codecarbon,a68f5f4d-450f-4fa5-9ce1-3e8b009cc723,mixup_FusionCaiT_A_timbertiere202404,97.4776664,8.962187863830378e-05,9.194093575295496e-07,42.5,13.682086072251746,11.79664421081543,0.0011506715707638,0.000143287059074,0.0003053182779995,0.0015992769078374,France,FRA,brittany,,,Windows-10-10.0.19041-SP0,3.8.2,2.7.4,18,Intel(R) Core(TM) Ultra 5 135H,1,1 x NVIDIA RTX 1000 Ada Generation Laptop GPU,-1.6744,48.11,31.45771789550781,machine,N,1.0
2024-11-14T18:51:57,codecarbon,b470674c-0aca-4035-a0a1-4e5cc2ec7571,mixup_FusionCaiT_A_timbertiere202404,97.1496306,8.481462464073129e-05,8.730308506261196e-07,42.5,12.41303459227808,11.79664421081543,0.0011467888510416,6.389282889200003e-05,0.000302811149002,0.0015134928289357,France,FRA,brittany,,,Windows-10-10.0.19041-SP0,3.8.2,2.7.4,18,Intel(R) Core(TM) Ultra 5 135H,1,1 x NVIDIA RTX 1000 Ada Generation Laptop GPU,-1.6744,48.11,31.45771789550781,machine,N,1.0
2024-11-14T19:01:54,codecarbon,4cc6365e-e50d-48b9-8279-a0554088ac94,mixup_FusionCaiT_A_timbertiere202404,395.7381745,0.0003418234749931,8.637616914896368e-07,42.5,0.6177600925473415,11.79664421081543,0.00467178394,0.0001499698421979,0.0012779888076615,0.0060997425898595,France,FRA,brittany,,,Windows-10-10.0.19041-SP0,3.8.2,2.7.4,18,Intel(R) Core(TM) Ultra 5 135H,1,1 x NVIDIA RTX 1000 Ada Generation Laptop GPU,-1.6744,48.11,31.45771789550781,machine,N,1.0
2024-11-14T20:23:42,codecarbon,2c50232f-0176-4ed0-8acc-2c91e229ff79,FusionCaiT_B_Timbertiere_202404_water,134.4197148000001,0.0001165713019779,8.672187867039989e-07,42.5,1.5890514723641138,11.79664421081543,0.0015867744466666,7.627061657199986e-05,0.0004171366312589,0.0020801816944976,France,FRA,brittany,,,Windows-10-10.0.19041-SP0,3.8.2,2.7.4,18,Intel(R) Core(TM) Ultra 5 135H,1,1 x NVIDIA RTX 1000 Ada Generation Laptop GPU,-1.6744,48.11,31.45771789550781,machine,N,1.0
2024-11-19T14:50:29,codecarbon,5a7b2710-c6a4-4254-9715-67069f798d25,id_test,216.8263736,0.0001897213445767,8.749920105509436e-07,42.5,1.2732169900076076,11.79664421081543,0.0025595786724305,0.0001294545480079,0.0006964901575077,0.0033855233779463,France,FRA,brittany,,,Windows-10-10.0.19041-SP0,3.8.2,2.7.4,18,Intel(R) Core(TM) Ultra 5 135H,1,1 x NVIDIA RTX 1000 Ada Generation Laptop GPU,-1.6744,48.11,31.45771789550781,machine,N,1.0
2024-11-19T14:58:41,codecarbon,efd09714-7b41-496f-bd03-9aa72fd24b5f,id_test,219.5758826,0.0001928233857851,8.781628633433087e-07,42.5,0.5677071297117968,11.79664421081543,0.0025919823795138,0.0001480540073319,0.0007008420332749,0.0034408784201208,France,FRA,brittany,,,Windows-10-10.0.19041-SP0,3.8.2,2.7.4,18,Intel(R) Core(TM) Ultra 5 135H,1,1 x NVIDIA RTX 1000 Ada Generation Laptop GPU,-1.6744,48.11,31.45771789550781,machine,N,1.0
2024-11-19T15:53:05,codecarbon,e2393007-9093-4009-8646-35cc1449b86d,id_test,171.464399,0.0001519562789262,8.862264109197875e-07,42.5,3.422103466886238,11.79664421081543,0.0020241515233333,0.0001395662227639,0.0005478987875004,0.0027116165335978,France,FRA,brittany,,,Windows-10-10.0.19041-SP0,3.8.2,2.7.4,18,Intel(R) Core(TM) Ultra 5 135H,1,1 x NVIDIA RTX 1000 Ada Generation Laptop GPU,-1.6744,48.11,31.45771789550781,machine,N,1.0
2024-11-19T16:23:45,codecarbon,a40f547b-9f6e-4bad-aecf-7510393b96e3,id_test,326.3091857,0.0002890531461644,8.858259553568311e-07,42.5,6.9190353817793255,11.79664421081543,0.0038520210844444,0.0002646618783959,0.0010413881334391,0.0051580710962795,France,FRA,brittany,,,Windows-10-10.0.19041-SP0,3.8.2,2.7.4,18,Intel(R) Core(TM) Ultra 5 135H,1,1 x NVIDIA RTX 1000 Ada Generation Laptop GPU,-1.6744,48.11,31.45771789550781,machine,N,1.0
2024-11-19T16:36:37,codecarbon,d052b6c7-dfdc-4c91-b0fa-8c8e32118a7b,id_test,529.4679281,0.0004755333481919,8.981343778431542e-07,42.5,3.760870552306237,11.79664421081543,0.0062502937504861,0.000534619038806,0.0017008444189378,0.0084857572082299,France,FRA,brittany,,,Windows-10-10.0.19041-SP0,3.8.2,2.7.4,18,Intel(R) Core(TM) Ultra 5 135H,1,1 x NVIDIA RTX 1000 Ada Generation Laptop GPU,-1.6744,48.11,31.45771789550781,machine,N,1.0
2024-11-19T17:16:02,codecarbon,7be8c138-c15f-4841-b86d-663b7db8356a,id_test,518.9405665,0.0004578593784088,8.822963706554715e-07,42.5,0.6405422349710271,11.79664421081543,0.0061242412438194,0.0003882894772979,0.001657839528331,0.0081703702494484,France,FRA,brittany,,,Windows-10-10.0.19041-SP0,3.8.2,2.7.4,18,Intel(R) Core(TM) Ultra 5 135H,1,1 x NVIDIA RTX 1000 Ada Generation Laptop GPU,-1.6744,48.11,31.45771789550781,machine,N,1.0
2024-11-19T17:30:09,codecarbon,76be19ad-4c87-4ddf-9441-fb46bb1a55b1,id_test,530.2118714999999,0.0004596238343887,8.668682447423175e-07,42.5,0.3130447451431626,11.79664421081543,0.0062591113258333,0.000247352420104,0.0016953927181099,0.0082018564640472,France,FRA,brittany,,,Windows-10-10.0.19041-SP0,3.8.2,2.7.4,18,Intel(R) Core(TM) Ultra 5 135H,1,1 x NVIDIA RTX 1000 Ada Generation Laptop GPU,-1.6744,48.11,31.45771789550781,machine,N,1.0
2024-11-19T17:50:38,codecarbon,578350c9-ce8b-4a66-8605-54d6cd2a88ef,id_test,508.8879573,0.0004494719596818,8.832434590644161e-07,42.5,8.661207921152355,11.79664421081543,0.0060071176259027,0.000388055310444,0.0016255262139213,0.0080206991502681,France,FRA,brittany,,,Windows-10-10.0.19041-SP0,3.8.2,2.7.4,18,Intel(R) Core(TM) Ultra 5 135H,1,1 x NVIDIA RTX 1000 Ada Generation Laptop GPU,-1.6744,48.11,31.45771789550781,machine,N,1.0
2024-11-19T18:20:53,codecarbon,ffaff468-1953-48ba-be92-adde0223efdb,id_test,535.7379817000001,0.0004653562010011,8.686264870085105e-07,42.5,0.4509224871805374,11.79664421081543,0.0063239068364583,0.0002634949330179,0.0017167471446923,0.0083041489141687,France,FRA,brittany,,,Windows-10-10.0.19041-SP0,3.8.2,2.7.4,18,Intel(R) Core(TM) Ultra 5 135H,1,1 x NVIDIA RTX 1000 Ada Generation Laptop GPU,-1.6744,48.11,31.45771789550781,machine,N,1.0
2024-11-19T18:36:51,codecarbon,0f217825-9332-4a46-aa38-a9a28f4d32d2,id_test,786.31457,0.0007263275617217,9.237111830724328e-07,42.5,13.977682813747982,11.79664421081543,0.0092818193608333,0.0011557167579059,0.0025235724256992,0.0129611085444385,France,FRA,brittany,,,Windows-10-10.0.19041-SP0,3.8.2,2.7.4,18,Intel(R) Core(TM) Ultra 5 135H,1,1 x NVIDIA RTX 1000 Ada Generation Laptop GPU,-1.6744,48.11,31.45771789550781,machine,N,1.0
2024-11-19T19:19:30,codecarbon,a039a7a8-e812-4894-aa3f-b2802dd78653,id_test,442.1723734,0.0003926174909704,8.879285875584587e-07,42.5,5.130035822129396,11.79664421081543,0.0052197449529861,0.000376045300836,0.0014103570894644,0.0070061473432865,France,FRA,brittany,,,Windows-10-10.0.19041-SP0,3.8.2,2.7.4,18,Intel(R) Core(TM) Ultra 5 135H,1,1 x NVIDIA RTX 1000 Ada Generation Laptop GPU,-1.6744,48.11,31.45771789550781,machine,N,1.0
2024-11-19T19:37:34,codecarbon,24996989-2de0-46fc-86ea-e33861142f60,id_test,432.5717092,0.0003712723492234,8.582908713795705e-07,42.5,11.537141689288744,11.79664421081543,0.0051062310513194,0.00013558066402,0.0013834376506988,0.0066252493660382,France,FRA,brittany,,,Windows-10-10.0.19041-SP0,3.8.2,2.7.4,18,Intel(R) Core(TM) Ultra 5 135H,1,1 x NVIDIA RTX 1000 Ada Generation Laptop GPU,-1.6744,48.11,31.45771789550781,machine,N,1.0
2024-11-20T14:47:20,codecarbon,d9281414-ccc1-4ebb-b263-931f582c5f8e,id_test,141.0512157,0.000124109967108,8.798929274885682e-07,42.5,7.714896961718813,11.79664421081543,0.0016651158264583,0.000101291192144,0.0004483000087909,0.0022147070273933,France,FRA,brittany,,,Windows-10-10.0.19041-SP0,3.8.2,2.7.4,18,Intel(R) Core(TM) Ultra 5 135H,1,1 x NVIDIA RTX 1000 Ada Generation Laptop GPU,-1.6744,48.11,31.45771789550781,machine,N,1.0
2024-11-20T14:51:27,codecarbon,c08492da-86a5-4ece-875b-78788a457f37,id_test,241.52642330000003,0.0002104743354943,8.714339930955177e-07,42.5,0.7307673902515124,11.79664421081543,0.0028512139309722,0.0001318351054679,0.0007728055557972,0.0037558545922375,France,FRA,brittany,,,Windows-10-10.0.19041-SP0,3.8.2,2.7.4,18,Intel(R) Core(TM) Ultra 5 135H,1,1 x NVIDIA RTX 1000 Ada Generation Laptop GPU,-1.6744,48.11,31.45771789550781,machine,N,1.0
2024-11-20T15:03:13,codecarbon,b4e9a9eb-45eb-452a-8c9d-df926cc292de,id_test,701.0033327000001,0.0006174524808154,8.808124755088696e-07,42.5,0.7177843149850203,11.79664421081543,0.0082748658372916,0.000502429290832,0.0022409685956304,0.011018263723754,France,FRA,brittany,,,Windows-10-10.0.19041-SP0,3.8.2,2.7.4,18,Intel(R) Core(TM) Ultra 5 135H,1,1 x NVIDIA RTX 1000 Ada Generation Laptop GPU,-1.6744,48.11,31.45771789550781,machine,N,1.0
2024-11-20T15:56:00,codecarbon,c83ab4bb-a664-4460-bc5b-78edd7650131,id_test,3035.2773316000003,0.0026317397316864646,8.670508306729201e-07,42.5,8.451273660912776,11.79664421081543,0.03582816118312498,0.001338206626120001,0.009796278413679468,0.04696264622292447,France,FRA,brittany,,,Windows-10-10.0.19041-SP0,3.8.2,2.7.4,18,Intel(R) Core(TM) Ultra 5 135H,1,1 x NVIDIA RTX 1000 Ada Generation Laptop GPU,-1.6744,48.11,31.457717895507812,machine,N,1.0
